{
  "configVersion": 1,
  "timestamp": 1670322363132,
  "index": "/index.html",
  "assetGroups": [
    {
      "name": "app",
      "installMode": "prefetch",
      "updateMode": "prefetch",
      "cacheQueryOptions": {
        "ignoreVary": true
      },
      "urls": [
        "/apps_frontend_src_app_modules_auth_auth_module_ts.js",
        "/apps_frontend_src_app_modules_confectionery_confectionery_module_ts.js",
        "/apps_frontend_src_app_modules_get-sugar_get-sugar_module_ts.js",
        "/apps_frontend_src_app_modules_main-list_main-list_module_ts.js",
        "/apps_frontend_src_app_modules_main_main_module_ts.js",
        "/apps_frontend_src_app_modules_profile_profile_module_ts.js",
        "/apps_frontend_src_app_modules_wallet_wallet_module_ts.js",
        "/background.js",
        "/favicon.ico",
        "/index.html",
        "/main.js",
        "/polyfills.js",
        "/runtime.js",
        "/styles.css",
        "/vendor.js"
      ],
      "patterns": []
    },
    {
      "name": "assets",
      "installMode": "lazy",
      "updateMode": "prefetch",
      "cacheQueryOptions": {
        "ignoreVary": true
      },
      "urls": [
        "/Gilroy-ExtraBold.otf",
        "/Gilroy-Light.otf",
        "/Gilroy-Medium.ttf",
        "/Gilroy-Regular.ttf",
        "/Gilroy-Semibold.ttf",
        "/assets/app-icons/app_icon_128.png",
        "/assets/app-icons/app_icon_144.png",
        "/assets/app-icons/app_icon_152.png",
        "/assets/app-icons/app_icon_192.png",
        "/assets/app-icons/app_icon_384.png",
        "/assets/app-icons/app_icon_512.png",
        "/assets/app-icons/app_icon_72.png",
        "/assets/app-icons/app_icon_96.png",
        "/assets/app-icons/plugin-icon.png",
        "/assets/banner/1024.png",
        "/assets/banner/1312.png",
        "/assets/banner/768.png",
        "/assets/fonts/Gilroy-ExtraBold.otf",
        "/assets/fonts/Gilroy-Light.otf",
        "/assets/fonts/Gilroy-Medium.ttf",
        "/assets/fonts/Gilroy-Regular.ttf",
        "/assets/fonts/Gilroy-Semibold.ttf",
        "/assets/fonts/santhony.regular.otf",
        "/assets/icons/Basic-cakebox.svg",
        "/assets/icons/Epic-cakebox.svg",
        "/assets/icons/Exotic-cakebox.svg",
        "/assets/icons/Legendary-cakebox.svg",
        "/assets/icons/Starter-cakebox.svg",
        "/assets/icons/Superior-cakebox.svg",
        "/assets/icons/activity0.svg",
        "/assets/icons/activity1.svg",
        "/assets/icons/activity2.svg",
        "/assets/icons/activity3.svg",
        "/assets/icons/activity4.svg",
        "/assets/icons/arrow-down.svg",
        "/assets/icons/arrow-left.svg",
        "/assets/icons/arrow-right-blue-grad.svg",
        "/assets/icons/arrow-right.svg",
        "/assets/icons/arrow-up-outline-green.svg",
        "/assets/icons/arrow-up.svg",
        "/assets/icons/back.svg",
        "/assets/icons/cake-wallet.svg",
        "/assets/icons/checkbox.svg",
        "/assets/icons/circle-plus.svg",
        "/assets/icons/close-cross-dark.svg",
        "/assets/icons/close-cross-light.svg",
        "/assets/icons/close-dark.svg",
        "/assets/icons/close-icon.svg",
        "/assets/icons/close-light.svg",
        "/assets/icons/close-tooltip.svg",
        "/assets/icons/close.svg",
        "/assets/icons/confectionery.svg",
        "/assets/icons/cool-emoji.svg",
        "/assets/icons/copy.svg",
        "/assets/icons/details.svg",
        "/assets/icons/double-left.svg",
        "/assets/icons/double-right.svg",
        "/assets/icons/edit copy.svg",
        "/assets/icons/edit-dark.svg",
        "/assets/icons/edit-light.svg",
        "/assets/icons/edit.svg",
        "/assets/icons/eye-closed.svg",
        "/assets/icons/eye.svg",
        "/assets/icons/header-bg-1.svg",
        "/assets/icons/header-bg-2.svg",
        "/assets/icons/heart-eye-emoji.svg",
        "/assets/icons/hype0.svg",
        "/assets/icons/hype1.svg",
        "/assets/icons/hype2.svg",
        "/assets/icons/hype3.svg",
        "/assets/icons/hype4.svg",
        "/assets/icons/moon.svg",
        "/assets/icons/party-emoji.svg",
        "/assets/icons/party-popper.svg",
        "/assets/icons/pencil.svg",
        "/assets/icons/plus-dark.svg",
        "/assets/icons/plus-light.svg",
        "/assets/icons/plus.svg",
        "/assets/icons/popular-fire.png",
        "/assets/icons/question.svg",
        "/assets/icons/remove.svg",
        "/assets/icons/rewards.svg",
        "/assets/icons/search-outline.svg",
        "/assets/icons/search.svg",
        "/assets/icons/settings.svg",
        "/assets/icons/state10.svg",
        "/assets/icons/state32.svg",
        "/assets/icons/state6.svg",
        "/assets/icons/sun.svg",
        "/assets/icons/toastr-warning-icon.svg",
        "/assets/icons/top0.svg",
        "/assets/icons/top1.svg",
        "/assets/icons/top2.svg",
        "/assets/icons/top3.svg",
        "/assets/icons/top4.svg",
        "/assets/icons/unfollow.svg",
        "/assets/icons/wallet.svg",
        "/assets/imgs/Check-mark-button-effects.png",
        "/assets/imgs/Clapping hands.png",
        "/assets/imgs/Confetti-ball.png",
        "/assets/imgs/Exclamation mark button.png",
        "/assets/imgs/Hugging face.png",
        "/assets/imgs/Party-popper-big.png",
        "/assets/imgs/Party-popper.png",
        "/assets/imgs/Shortcake.png",
        "/assets/imgs/banner-how-does-work.png",
        "/assets/imgs/banner-need-sugar.png",
        "/assets/imgs/check-mark-button.png",
        "/assets/imgs/confetti-cakebox.png",
        "/assets/imgs/confetti.png",
        "/assets/imgs/download plugin banner (1).png",
        "/assets/imgs/download plugin banner.png",
        "/assets/imgs/footer-dark.png",
        "/assets/imgs/footer-light.png",
        "/assets/imgs/footer_dark_mobile.png",
        "/assets/imgs/footer_light_mobile.png",
        "/assets/imgs/growing-heart.png",
        "/assets/imgs/header-dark.png",
        "/assets/imgs/header-light.png",
        "/assets/imgs/header_dark.png",
        "/assets/imgs/how-does-work.png",
        "/assets/imgs/img_1k.png",
        "/assets/imgs/img_2k5.png",
        "/assets/imgs/img_5k.png",
        "/assets/imgs/live_events.png",
        "/assets/imgs/live_events2.png",
        "/assets/imgs/live_events3.png",
        "/assets/imgs/logo-dark.png",
        "/assets/imgs/logo.png",
        "/assets/imgs/mock-cakebox-icon.png",
        "/assets/imgs/need-sugar.png",
        "/assets/imgs/sparkles-dark.png",
        "/assets/imgs/sparkles-popup.png",
        "/assets/imgs/victory-hand-skin.png",
        "/assets/platforms/Facebook-small.svg",
        "/assets/platforms/Instagram-small.svg",
        "/assets/platforms/Linkedin-small.svg",
        "/assets/platforms/Onlyfans-small.svg",
        "/assets/platforms/Pinterest-small.svg",
        "/assets/platforms/Reddit-small.svg",
        "/assets/platforms/Snapchat-small.svg",
        "/assets/platforms/Tiktok-small.svg",
        "/assets/platforms/Twitch-small.svg",
        "/assets/platforms/Twitter-small.svg",
        "/assets/platforms/Vimeo-small.svg",
        "/assets/platforms/Youtube-big.svg",
        "/assets/platforms/Youtube-small.svg",
        "/assets/styles/components/button.scss",
        "/assets/styles/components/icon.scss",
        "/assets/styles/components/toaster.scss",
        "/assets/styles/global/_animations.scss",
        "/assets/styles/global/_fonts.scss",
        "/assets/styles/global/_mixins.scss",
        "/assets/styles/index.scss",
        "/assets/wallets/Credit card.svg",
        "/assets/wallets/GooglePay-dark.png",
        "/assets/wallets/GooglePay.png",
        "/assets/wallets/Verifone-dark.png",
        "/assets/wallets/Verifone.png",
        "/assets/wallets/logos_metamask-icon.png",
        "/assets/wallets/paypal-dark.png",
        "/assets/wallets/paypal.png",
        "/assets/wallets/wepay-dark.png",
        "/assets/wallets/wepay.png",
        "/assets/webclip/chrome-webclip.svg",
        "/assets/webclip/edge-webclip.svg",
        "/assets/webclip/logo.svg",
        "/assets/webclip/safari-webclip.svg",
        "/assets/webclip/samsung-webclip.svg",
        "/checkbox.svg",
        "/confetti.png",
        "/santhony.regular.otf",
        "/sparkles-dark.png",
        "/sparkles-popup.png",
        "/toastr-warning-icon.svg",
        "/unfollow.svg"
      ],
      "patterns": []
    }
  ],
  "dataGroups": [],
  "hashTable": {
    "/Gilroy-ExtraBold.otf": "14148f0345ef57bc493496224d07e4179a12e7f5",
    "/Gilroy-Light.otf": "7cdf0cd56ca47385f56885924f47084f89e4d1a4",
    "/Gilroy-Medium.ttf": "e14306a91491f909c6e25bd86cbd3eb83b932526",
    "/Gilroy-Regular.ttf": "20b64567a192c9d2c189b6af13c361a7f3c1461e",
    "/Gilroy-Semibold.ttf": "70c251c1ab444281d7e4beab7fde2c96b941285c",
    "/apps_frontend_src_app_modules_auth_auth_module_ts.js": "e1ab77aabc919ded2176cc01f6e864452b139c93",
    "/apps_frontend_src_app_modules_confectionery_confectionery_module_ts.js": "2bcf4d22153aaa0c85ba8d3d376813b661205aa2",
    "/apps_frontend_src_app_modules_get-sugar_get-sugar_module_ts.js": "8f941f29d9a076a68a61781e21e1a1c00427aea2",
    "/apps_frontend_src_app_modules_main-list_main-list_module_ts.js": "f4e984901781ad7e1952e0b9c736ad510621ae95",
    "/apps_frontend_src_app_modules_main_main_module_ts.js": "650a9d20a6b17c970ce83a04850d54969ba780cc",
    "/apps_frontend_src_app_modules_profile_profile_module_ts.js": "f69cfa67dde4cfcbcf5a927e667b33bd385ff251",
    "/apps_frontend_src_app_modules_wallet_wallet_module_ts.js": "65c3ee18cdca5d0dbd038a7238989ab3b1136f31",
    "/assets/app-icons/app_icon_128.png": "59b9385078174fe8e1834d1f72dba8e79ab47cad",
    "/assets/app-icons/app_icon_144.png": "67e2209d134c3fd826c085960b589d13e7d8ebeb",
    "/assets/app-icons/app_icon_152.png": "6c153328aed2c0f59b4dd550d428837f0807c615",
    "/assets/app-icons/app_icon_192.png": "523ec56b9512dffe4804d67be2aa7fbbf0517ef4",
    "/assets/app-icons/app_icon_384.png": "bcfb5da93496e78bbfc97e1bc9e6f643eab6632b",
    "/assets/app-icons/app_icon_512.png": "b75fd0b6d7c1cdf10d627cea31de17b5d8a004a0",
    "/assets/app-icons/app_icon_72.png": "368a2640aaa56aa43464b35b940cd7f2ca49af08",
    "/assets/app-icons/app_icon_96.png": "03b045b8d50ac1c5318d957a2122c775afd6b457",
    "/assets/app-icons/plugin-icon.png": "471a56f7ab353af9763fb727d7534339f1834108",
    "/assets/banner/1024.png": "691b9638398b2a8ab32b486b38fdf1df0ae7eece",
    "/assets/banner/1312.png": "be3d2aca87592a68c79dc417323717ef0b0b4891",
    "/assets/banner/768.png": "c8f8d7f5172d8ce6b54c575c7225cbf26c436cf4",
    "/assets/fonts/Gilroy-ExtraBold.otf": "14148f0345ef57bc493496224d07e4179a12e7f5",
    "/assets/fonts/Gilroy-Light.otf": "7cdf0cd56ca47385f56885924f47084f89e4d1a4",
    "/assets/fonts/Gilroy-Medium.ttf": "e14306a91491f909c6e25bd86cbd3eb83b932526",
    "/assets/fonts/Gilroy-Regular.ttf": "20b64567a192c9d2c189b6af13c361a7f3c1461e",
    "/assets/fonts/Gilroy-Semibold.ttf": "70c251c1ab444281d7e4beab7fde2c96b941285c",
    "/assets/fonts/santhony.regular.otf": "e466b07de88f9f15471b9b15cc5f3f46062a387d",
    "/assets/icons/Basic-cakebox.svg": "1a5798c53aa9fd510c8fa0f1c5dc877c9a03d35f",
    "/assets/icons/Epic-cakebox.svg": "944cb17ed11c16cd474972717e4e0eafd82b1263",
    "/assets/icons/Exotic-cakebox.svg": "cbb0cd807b820c5dcf10f1b1c4be6e9b2b242561",
    "/assets/icons/Legendary-cakebox.svg": "449116be0519c4ac63bda194d7d96dfe671b4c9f",
    "/assets/icons/Starter-cakebox.svg": "9217641926d38fec922a0d81f6748dca49a642d0",
    "/assets/icons/Superior-cakebox.svg": "f8162240a3721a52a3ed7b8f2e2a0def41b1694b",
    "/assets/icons/activity0.svg": "069e51ce8ca1de33c9c4c3cb37d44e60585aa2b8",
    "/assets/icons/activity1.svg": "883e5d89cb6c2ebce60bd3a6f48a541bad288045",
    "/assets/icons/activity2.svg": "97492e4fd79f99bc63f4aca5ba6da5e49dd16498",
    "/assets/icons/activity3.svg": "2a732f3585dee1ef2a26be99be3cb94325231c46",
    "/assets/icons/activity4.svg": "c615c40d9171d8b472b039073117718009dd7889",
    "/assets/icons/arrow-down.svg": "3e613bed0c82d072eefcbcc017cec36a938ddd7d",
    "/assets/icons/arrow-left.svg": "cfd04182a24ab336c524429c7af705d6021de061",
    "/assets/icons/arrow-right-blue-grad.svg": "dd1dce0a530450b04c9eac368579d75fdf2b84ec",
    "/assets/icons/arrow-right.svg": "0c1d13a999bd0b9ca013f2c55efb0a636ea6a5b9",
    "/assets/icons/arrow-up-outline-green.svg": "134446cd188c590fcfe1799eb76397ac2be1c810",
    "/assets/icons/arrow-up.svg": "3c20df6f1a4d544c96f86ed62888f87edecfde5e",
    "/assets/icons/back.svg": "443a2ac6706e6ced9aa3dc205e6ef05f780ba771",
    "/assets/icons/cake-wallet.svg": "46be22d70253219a6225a5bfcd189f87372ff31c",
    "/assets/icons/checkbox.svg": "df5889978adf1369d70d2b9efbee2ad49ed7ee5b",
    "/assets/icons/circle-plus.svg": "92fa198d0639cce6815b56dc3d530622c7744449",
    "/assets/icons/close-cross-dark.svg": "e7578fad8b098c2cf3c8c6935c6f60a66bbdf7ec",
    "/assets/icons/close-cross-light.svg": "12d932afcafc0c1386f88c59dc407493fc06707a",
    "/assets/icons/close-dark.svg": "7cdd48db201bc489e26a786ec0be3d3a4c5d2f7a",
    "/assets/icons/close-icon.svg": "209069c289acf85cc1d9c24554930aca222475c1",
    "/assets/icons/close-light.svg": "191fc08a59fea89a9beadc28317cb8ebcdfe915e",
    "/assets/icons/close-tooltip.svg": "672c127c9057ba8c6321e5661b04c7177783f909",
    "/assets/icons/close.svg": "7505d172ad7851d6ab7fe1bcea5886cfb8814baf",
    "/assets/icons/confectionery.svg": "69396ec78d5b417814cfc6005f73e7589b80cd4f",
    "/assets/icons/cool-emoji.svg": "38536fb740fc40b10c561f5ee6a7b4322a4c9867",
    "/assets/icons/copy.svg": "a9e5554f41225abeb1fb8e29a5d23aad77c2d7ec",
    "/assets/icons/details.svg": "c60cd57ab0d4f40b96ee9f2adb1ad2655e83f290",
    "/assets/icons/double-left.svg": "d0cc3defc0ac40a37d5e553ea0c6c0b3b8e0065f",
    "/assets/icons/double-right.svg": "bddc119397f5f608e48ed16a3e202df536cca9fd",
    "/assets/icons/edit copy.svg": "97f406e9859caf4ca024c4540af8681b52ba0aa4",
    "/assets/icons/edit-dark.svg": "be4df23ecb26cc406ab3dbbfbb7fedc948e054ab",
    "/assets/icons/edit-light.svg": "0a0528a0c46b1958cc89403a405352f66b8a3015",
    "/assets/icons/edit.svg": "7bebb105e3ef2bf2aefa00ca60a4a1e7c9118217",
    "/assets/icons/eye-closed.svg": "5442d6e0542f78ee9fb8e7665dd6194421423fd6",
    "/assets/icons/eye.svg": "7990e4001b79e134ee9eb0b5dffa8c8d18274ae9",
    "/assets/icons/header-bg-1.svg": "d3c311df547f20cb2647c1df79971627eca77531",
    "/assets/icons/header-bg-2.svg": "9f3329344287b1227378a42336fecd8f4f9d7c7f",
    "/assets/icons/heart-eye-emoji.svg": "b45572b52ccd35fd84485f631f0ba188d5ee1436",
    "/assets/icons/hype0.svg": "79a954e2a4ffc230c5961c0303512b6c2a33665d",
    "/assets/icons/hype1.svg": "2a3430b11f5c15fa68c0c50d1fc21f637bf6c86f",
    "/assets/icons/hype2.svg": "47fcab393dc8b02289c09055d2b097a93f95c4bd",
    "/assets/icons/hype3.svg": "b8dedc133c7d937a597e561d6013aae0fa2ac3ce",
    "/assets/icons/hype4.svg": "bdce4a688fa32880445851c5a49d983c3e2af126",
    "/assets/icons/moon.svg": "54ba401e2cd55f36bc710e58f8d2665f54f6f8e6",
    "/assets/icons/party-emoji.svg": "7dcbd225f7eba3cbe95087824cf49ddf86467911",
    "/assets/icons/party-popper.svg": "430ab5dec2ddccd47c3a2c5db01c613fa7ac6d1a",
    "/assets/icons/pencil.svg": "c953f1827b2c5cef1d4c22444d6ad88a7bcafa38",
    "/assets/icons/plus-dark.svg": "3844a11fd8c562d415fcff503e4e027f5788c1fe",
    "/assets/icons/plus-light.svg": "fbb359b94d40b04993f6f33fa9d6986a9f610fa0",
    "/assets/icons/plus.svg": "db9b357d7c3db45183197c458fe99534333fab6e",
    "/assets/icons/popular-fire.png": "63527adbd8e98bb2f711d69dc65024857b9bc891",
    "/assets/icons/question.svg": "0e80f1680901ae02da853925333fb75928a45d42",
    "/assets/icons/remove.svg": "502ec6eea52f0ef645090b80848b8dd7135cda11",
    "/assets/icons/rewards.svg": "b6c0fde503062e8b6110b310db56019d04bc7363",
    "/assets/icons/search-outline.svg": "c4bd8d14755ef797ad3d8817ceb2c9f7607e3cdf",
    "/assets/icons/search.svg": "05ef40bcc4c8babb9edeac48f6bd1fc75c41d323",
    "/assets/icons/settings.svg": "f507c053529ce0cc9cf77aa4d2b0a25378db0ad5",
    "/assets/icons/state10.svg": "aefdcea472a07c89bbc45267d1582c9d50340905",
    "/assets/icons/state32.svg": "ca65946eaf5bdf038394d74e2e3c36a22ef1499e",
    "/assets/icons/state6.svg": "0f43299d7dbdc7989657fc36d4a4f7b773d431b9",
    "/assets/icons/sun.svg": "d10279a5f9ae7463b7e4b5400c286db817f46bf8",
    "/assets/icons/toastr-warning-icon.svg": "f9baf8b98fdeae24eb925e1368ffd658bebc0a40",
    "/assets/icons/top0.svg": "ab3592cf8280bc2d99d9dcd27a022f72183da49f",
    "/assets/icons/top1.svg": "9310547ef960935863932f62e92f7392c4ec004a",
    "/assets/icons/top2.svg": "b186fc7b9d5a8e0be137346470ec5821975bbf66",
    "/assets/icons/top3.svg": "919e0f176d8ccd30bd237dbb7ffb625a4350c230",
    "/assets/icons/top4.svg": "e24fed4d4f6d188d5dabe6d73999fbca8d5abea1",
    "/assets/icons/unfollow.svg": "65d6c20f636ebbc2e8c3d170e16b731877a59ed1",
    "/assets/icons/wallet.svg": "f08dd23b445e1a3e85189d6666390017c3ceea0b",
    "/assets/imgs/Check-mark-button-effects.png": "794b9c54edf321298f833213478c026070f0a608",
    "/assets/imgs/Clapping hands.png": "34a9e8da4c4dd5864b8c35ec002c79ed2b8cb935",
    "/assets/imgs/Confetti-ball.png": "d306883f085ce52a7b30ec6991332dc6ff57087f",
    "/assets/imgs/Exclamation mark button.png": "d88546afb88041f202f371afb01143f081e105ae",
    "/assets/imgs/Hugging face.png": "d8de0161b7d94c941a0bc1bd68454c5e487201a7",
    "/assets/imgs/Party-popper-big.png": "278a25b39b237bbbc5a19292555e55ed2e805110",
    "/assets/imgs/Party-popper.png": "f39d2d1d524c670158d3168a4ba15b4937ff5597",
    "/assets/imgs/Shortcake.png": "8482d5bed34251aa029214af359269eade445091",
    "/assets/imgs/banner-how-does-work.png": "c7ba35d85cf77d745157480d697f7cf987f19b19",
    "/assets/imgs/banner-need-sugar.png": "319420cfb49d483a74a6dd890741815948c2fcdf",
    "/assets/imgs/check-mark-button.png": "1c7cc440b1aaffb962a78c21cc47adc5db6077ad",
    "/assets/imgs/confetti-cakebox.png": "6ff91904cd9fffe9738bd5c7da044c7968910a70",
    "/assets/imgs/confetti.png": "a71e7d4e0663c34094f60527bfd5a691ef84ae2f",
    "/assets/imgs/download plugin banner (1).png": "987c30706e1d735c7b44bea6c8442055631ad04c",
    "/assets/imgs/download plugin banner.png": "3cd7fde91ebfc738b9b46c70c4648b32dd825126",
    "/assets/imgs/footer-dark.png": "ea6f68d3e69d044534dd10c932fe4aefbb2b6386",
    "/assets/imgs/footer-light.png": "200cf152412848ebb05037118786cb75633cf609",
    "/assets/imgs/footer_dark_mobile.png": "f31540cbd9a0a0bff7fe995fbf8e485eb2b00d90",
    "/assets/imgs/footer_light_mobile.png": "7222a2f23a4a8e3c7ba5a1270de5e6ae0392d2ed",
    "/assets/imgs/growing-heart.png": "110bbb8ca05f5bf8af91270a441a05ca09fb3504",
    "/assets/imgs/header-dark.png": "07689142988827f57ee5c3a681c08d029bdc5b28",
    "/assets/imgs/header-light.png": "7e44f76bdd2976ff6dbc7418114341c88a368c24",
    "/assets/imgs/header_dark.png": "07689142988827f57ee5c3a681c08d029bdc5b28",
    "/assets/imgs/how-does-work.png": "76c8b799b43bf18aaef97ac06f7664f2d906b680",
    "/assets/imgs/img_1k.png": "03915fbd324b6233ec6565eb752bbf25e1d89826",
    "/assets/imgs/img_2k5.png": "81b94d0fa86434be4bdf5ce5d769628b0086e3e2",
    "/assets/imgs/img_5k.png": "fa31582aa8eb08eeb8b660dc2bde3db2bfa67f2a",
    "/assets/imgs/live_events.png": "73712aa9776774dd6dd82ade1d9a54f7e5eecdc1",
    "/assets/imgs/live_events2.png": "ee09c83ca10e212e19c942763d241c1584d3ad1b",
    "/assets/imgs/live_events3.png": "dde5efecbcc306b6daec8eb0ab08c0ab67c17ba0",
    "/assets/imgs/logo-dark.png": "5d416ab712146565218db37b9252fdb7f510d0ff",
    "/assets/imgs/logo.png": "bd02c81dd29ce34843eacd6d30c53780f71a7e07",
    "/assets/imgs/mock-cakebox-icon.png": "57dd8a403dfdd5a11df2c218ae8e68a858e2010e",
    "/assets/imgs/need-sugar.png": "642ce44e00b28c7c780d22137ece49d00d1caf4c",
    "/assets/imgs/sparkles-dark.png": "c3df1546dc7315b85f918212be75a41c481333e3",
    "/assets/imgs/sparkles-popup.png": "d80d2f09c4a1bba2555028b9a9cfb9df8893c98e",
    "/assets/imgs/victory-hand-skin.png": "7d4cd972e4dae9708f72a10c5c99ea3cfbe12efc",
    "/assets/platforms/Facebook-small.svg": "9b492a0946a0a6a3b5c3d40e81f4703afe4f03fb",
    "/assets/platforms/Instagram-small.svg": "2ac6e4eb733ffaca39c0a7a176604f0d58560262",
    "/assets/platforms/Linkedin-small.svg": "bf3af07b91e2832e73810200093e5c9bce8235f9",
    "/assets/platforms/Onlyfans-small.svg": "9a92895a5b72161cdfd727c07c94b787db7cc566",
    "/assets/platforms/Pinterest-small.svg": "f2ac5531d92644eaeac2abde3dec8a1fc47f7df2",
    "/assets/platforms/Reddit-small.svg": "036f3dbf7cb1b8e315b24ccb382f26d7f88d4aae",
    "/assets/platforms/Snapchat-small.svg": "93cbbd3a80e93c9ba3a7777ed9aebded2d163fd0",
    "/assets/platforms/Tiktok-small.svg": "7115dfe6d262138ad34901df100e239fde1593f5",
    "/assets/platforms/Twitch-small.svg": "062cf9e22d560ed1651d8698a63d3a6362717c5a",
    "/assets/platforms/Twitter-small.svg": "26923148ca3bc1d57e86c397c534124ebf934a5b",
    "/assets/platforms/Vimeo-small.svg": "2a9c264a3c2ec4d59df32f1a1e76ffff182cb9b3",
    "/assets/platforms/Youtube-big.svg": "7ce8fb99cc917f6946ace040c80760b2400e5dd0",
    "/assets/platforms/Youtube-small.svg": "ade6d49c685bd30dce1cc44453569840814c46c3",
    "/assets/styles/components/button.scss": "ad0839655ecc32b9f0124139364c9a3f5135d6fc",
    "/assets/styles/components/icon.scss": "5af22a64e4dd5c626c209958de5f695858922c6c",
    "/assets/styles/components/toaster.scss": "9ab9031c214f848fe742543fc6ba9e85c66b2bda",
    "/assets/styles/global/_animations.scss": "393ebc65538df6a8767bcdf31b37e8e136a1825f",
    "/assets/styles/global/_fonts.scss": "daf508a6d1f3124b4242a50f15a7fa08b33954d6",
    "/assets/styles/global/_mixins.scss": "180f56ef814c5cf95a5ef9f7e8cf9d28bcc1fe8f",
    "/assets/styles/index.scss": "3cce4b67341fa0b24fd4b685603ee89c9958b24c",
    "/assets/wallets/Credit card.svg": "e9f05cd335bc9630f36194e67bec9bcb9c23344b",
    "/assets/wallets/GooglePay-dark.png": "0e5d519182246767073d145c0d27398b5184c3a4",
    "/assets/wallets/GooglePay.png": "81aa362ad8de95dddc022c3ebef618cc76e3f4a3",
    "/assets/wallets/Verifone-dark.png": "39b0e1b6ef57da38cca75012ded40e752b4dda68",
    "/assets/wallets/Verifone.png": "10391f408a25545b2b36162c5804aa5d346aff05",
    "/assets/wallets/logos_metamask-icon.png": "bf3edd6de700da322e279fed49113f36a55d1e5b",
    "/assets/wallets/paypal-dark.png": "1766d5d5eb2e322fea097b4284794546a2a02b29",
    "/assets/wallets/paypal.png": "ca877248ae46c7c95f744467e642a3aebf24d5a3",
    "/assets/wallets/wepay-dark.png": "c622ce3ee41a2d38400624f181fae8379d32794a",
    "/assets/wallets/wepay.png": "44c9e4f4efe4bc02d68e988b14347c7ffaf66f55",
    "/assets/webclip/chrome-webclip.svg": "5c595feda2138b396bd885a90105558e299c6ff3",
    "/assets/webclip/edge-webclip.svg": "9a5f74831b6d8f3d31edd8ccec20b894bd970938",
    "/assets/webclip/logo.svg": "c83c8db502b8c655aace89381843598c9da3b428",
    "/assets/webclip/safari-webclip.svg": "985b82b6a8ba03955009d65e8f9fa792418218ac",
    "/assets/webclip/samsung-webclip.svg": "eb7ff880052567405198b1a5f3727a3e6b05956b",
    "/background.js": "b141341026885d86fd2d2da4b50dd2ec36ccf8f9",
    "/checkbox.svg": "df5889978adf1369d70d2b9efbee2ad49ed7ee5b",
    "/confetti.png": "a71e7d4e0663c34094f60527bfd5a691ef84ae2f",
    "/favicon.ico": "368a2640aaa56aa43464b35b940cd7f2ca49af08",
    "/index.html": "1f32d7998ebd55264d6d17dbd78645258b023865",
    "/main.js": "6b713c8c53a0de902fc9b6b81306b2fa80e45542",
    "/polyfills.js": "773963db00611fea30bbbf06f14d6ff27417c4a6",
    "/runtime.js": "4d31dd2fc07dfd4a7d36b9a3fca47cd15cd08310",
    "/santhony.regular.otf": "e466b07de88f9f15471b9b15cc5f3f46062a387d",
    "/sparkles-dark.png": "c3df1546dc7315b85f918212be75a41c481333e3",
    "/sparkles-popup.png": "d80d2f09c4a1bba2555028b9a9cfb9df8893c98e",
    "/styles.css": "3597131266f85270e5a3bc18fcbd15b6fb53a8b2",
    "/toastr-warning-icon.svg": "f9baf8b98fdeae24eb925e1368ffd658bebc0a40",
    "/unfollow.svg": "65d6c20f636ebbc2e8c3d170e16b731877a59ed1",
    "/vendor.js": "c10d5f8e40a883c5880424b52b74c4a85baa6231"
  },
  "navigationUrls": [
    {
      "positive": true,
      "regex": "^\\/.*$"
    },
    {
      "positive": false,
      "regex": "^\\/(?:.+\\/)?[^/]*\\.[^/]*$"
    },
    {
      "positive": false,
      "regex": "^\\/(?:.+\\/)?[^/]*__[^/]*$"
    },
    {
      "positive": false,
      "regex": "^\\/(?:.+\\/)?[^/]*__[^/]*\\/.*$"
    }
  ],
  "navigationRequestStrategy": "performance"
}